lines,score
Describe your boobs using only a picture of them ,851
Billions of subatomic particles are penetrating you every second. Mind if I join them? ,772
"I like c_ddling, you like k_ssing; and we both know exactly what's missing ;) (U and I)",628
If you rearrange the letters in coronavirus you get carnivorous which makes sense because I wanna spend 14 days in quarantine eating you out For all you kings.,627
Most people call me Collgate Because 9 out 10 dentists recommended putting me in your mouth.,610
"Hey girl, are you Nord VPN Cuz I wanna tunnel through your private network.",593
Are you a guitar? Because I wanna hold you by your neck and listen to the noise you make while I play with you.,552
"For those girls who only like guys who are 6 feet or tallerâ€¦ Iâ€™m only 5â€™10â€, so if 2 inches is a big deal to you, then I got some bad news and I got some great news for you.",529
"Roses are red violets are blue, with permission and consent, let me violate you ",520
do u like planting tulips? u should plant ur two-lips around my dick ,515
"Your father must have been the greatest thief in history. He stole all the stars in the sky, and put them in your eyes.


And heh, I guess it runs in the family. 'Cause you stole my heart.",510
are you a necrophiliac because I wanna kill myself ,449
"Hey girl do you like Harry Potter? Because I want to wingardium leviosa up that skirt, alohamora those legs open and aqua erupto inside of your leaky cauldron.",445
"Roses are red violets are twisted, bend over darling, you're about to get fisted ",445
Once i Putin  I don't pull out,440
"Girl, does this cloth smell like chloroform? ",437
"Baby girl, I donâ€™t wanna watch Godzilla and king kong I wanna watch a throatzilla on my ding dong",435
I know this isnâ€™t a race butâ€¦ Iâ€™d still let you finish first,411
Hey babe what's the difference between you and Hitler? I would not refuse to put kids inside your Gas chamber if you ask me to.,401
Hey girl are you crypto? Because youâ€™ll be going up and down on me everyday.,400
"To Alyssa, me: Call me Leonardo Da Vinci â€˜cuz Iâ€™ll make you Moan Alyssa",396
"I love the view but remove ""the""",372
"Which version of Minecraft do you prefer? I prefer Java, but I'd like to make your bed rock.",368
"Girl you don't need a bra Because I will always support you
*cups boobs*",365
"Roses are red, Grass is green Open your legs 
And Iâ€™ll fill you with cream",362
"Girl, I've got a tip for you. Or if you'll like, I could put the whole thing in",354
Are you death? because I can't stop thinking about you,353
"Girl, are you the Ukraine? Cuz I want to Putin you.",346
Its not that im always horny you just always sexy. ,340
Hey boy are you ice cream? Cuz I wanna taste how sweet you are this summer,337
Don't call me handsome... unless you gonna hand some of that ass over to me ğŸ‘,332
Girl how you like your eggs in the morning? Scrambled or fertilized?,329
"Hey Girl, Are you Man City? Cause I need you at the top of that table",321
If I were an animal Iâ€™d be a tiger Because Iâ€™m a predator,315
Most people call me Collgate Because I put the white in your smile.,314
"Hey handsome, you a drill sergeant? I was really hoping youâ€™d punish me before drilling me.",312
I don't really smoke pot but I think  weed  be cute together ;),312
"They say that a man only needs 3 Bâ€™s in life... 
Booties, boobs and booze. Well the drinks are from me...",312
Whats the difference between peanut butter and jam? I cant peanut butter my d**k in ur ass,310
"So today's 22/2/22 huh in this day of the number 2s, you're still my number #1 ;-)",308
"Roses are red. Violets are fine. You be the six, Iâ€™ll be the nine.",304
Hey girl are you a fertilizer? Because you make my plant grow.,300
"I said ""tinder is like a deck of cards, I just found my queen of hearts"" but she replied ""what if I were a two of spades? ğŸ¤”"". Now what? (I took a cue from the most famous pickup line of this subreddit is not my invention)",294
Iâ€™ve done some great things in my life But the one that Iâ€™m the most proud of is talking to you,293
Do you like boring people? Cuz Iâ€™m tryin to bore into you,286
"Hey girl, are you spaghetti? Cause I want you to meet my balls.",285
I was a vegan till I met you Then all of a sudden I had butterflies in my stomach.,277
Did you know it takes 134 minutes to burn the calories in a bag of chips by having sex. And Iâ€™ve just hade 4. So what you doing tonight?,271
Kissing burns 6.4 calories a minute Do you wanna workout?,270
If I look longer into your eyes Will you open your thighs!?,268
You know bathroom is 2nd best place to take bath for kids. Your Throat still remains first,261
Are you a guitar? Because I wanna play with you and hear how you sound,259
Hey girl are you that water bottle under my bed? Cuz I donâ€™t know what liquids are inside of you but Iâ€™ll drink it anyway. ,256
Are you a cute crier or an ugly crier? Just so I know what to expect when I break your back.,254
"Girl, you a roller coster? Cuz you've got curves that I'd love to ride ğŸ’¦ğŸ’¦ğŸ’¦",251
I wish you were my pinky toe so I could bang you on every piece of furniture in my house,247
"I must be Rome in the fifth century, Because Iâ€™m falling for you.",233
If you have nothing to wear You can wear my hands,228
Your penis looks cold Put it inside of me so I can warm it up for you,225
"Hey girl are you 1,420,000,000,000,000,000,000,000,000,000,000 degrees Celsius? cuz you absolutely hot.",223
"Roses are red, the Ukraine's flag is yellow and blue. Roses are red, the Ukrainian flag is yellow and blue.   
If Putin nukes us all tonight, I wanna die next to you.",219
"For gym girls: I ainâ€™t a personal trainer, but I can host a one-on-one workout ;) this just worked, she replied with: â€œwe could do some cardio at your place ğŸ¤ªâ€ 

before you say it, yes this is a terrible line and no I didnâ€™t think it would work either. Use at your own risk",218
"This one is for the lesbians You remind me of a Happy Meal...because I'm going to make you come with a toy inside.

So how do lesbians have sex? It's too complicated. I'd have to show you.

Let's flip a coin! Heads you're mine. Tails I'm yours!",217
"Me and my girlfriend this morning: i think it still shows after 4 months that we met each other on tinder, Warning: may contain traces of cringe Me and my girlfriend this morning:  


https://preview.redd.it/3kodqjregwp81.png?width=932&format=png&auto=webp&s=6b479708d8a1160c1d0d12790511aa145b9ebf63",216
Are you Russia? Bcuz you're wayy out of everybody's league.,215
Let's be nothing because nothing lasts forever. ,212
"Guys, I desperately need your help on this one. I texted this one chick on Hinge â€œDo you ever go into the kitchen in the middle of the night drunk and realize that youâ€™re the only snacc in the house?â€, to which she replied â€œohh I do alwaysâ€. Idk what to reply to this, itâ€™d mean a lot for a lil help Edit: Ya boy failed. The snacc unmatched. I really appreciate everyoneâ€™s help. We go againâœŠğŸ½ğŸ’ª",211
Girl are you from Mississippi? Cause youâ€™re the only miss whose piss I sippie,208
I'm like a fireman.. ..I find them hot and leave them wet,207
You like chocolates? Cuz I can give it to you the Milky Way,204
Do you like coffee? Because I like you a latte.,204
Hey girl are you movie... ,199
Are you C++ Because you make me wanna die (programming joke),199
No wonder the night sky is so dim Cause all the colors are in your eyes,193
Are you a Mother Fucker? Cause I'm willing to be your mommy,191
"On a scale of 1 to 10, youâ€™re a 9 and Iâ€™m the 1 you lack. ",188
"Roses are red, you are quite pretty I was trying to think of another line but I'm not very witty.",187
"I'm very good friends with 25 letters of the alphabet, but... I'd like to get to know U better",186
"Normally only 6 planets can be seen with the naked eye. Mercury, Mars, Venus, Saturn, Jupiter, and Earth. But if I were lucky, you'd let me see Uranus.",183
"Hey, my nameâ€™s Microsoft. Can I crash at your place tonight? ",182
"Women, if a man walked up and told you ""You're beautiful on the outside, but I wanna know if you're just as beautiful on the inside. I'd love to get to know you..."", would you melt and give him your number, or is that offensive in any way? I'm thinking of telling this beautiful girl that and she truly does seem beautiful on the inside as well, but of course I still want to be friends with her before anything. I see her around campus all the time and I'm so eager to get to know her but I'm not sure if I should say the above. Little help from you women out there, I'm not sure what to do.

EDIT: Well after a month of procrastination I finally decided to go up to her and ask her out. I took your guysâ€™ advice and played it cool. I didnâ€™t use the pickup line. The conversation went somewhere along the lines of:

Me: â€œHey, whatâ€™s your name?â€
Her: â€œIâ€™m xxxxâ€
Me: â€œIâ€™m Gianni, itâ€™s nice to meet you. Iâ€™ve seen you around campus and I thought you seemed cool. Iâ€™ve never gotten the chance to talk to you though.â€

Then the conversation went on normally for a few minutes as we walked across campus together asking things like â€œWhatâ€™s your major?â€ and â€œWhere are you from?â€ et cetera. When we had to part ways, I took my chance and told her before saying bye, â€œDo you think I could get your number? Maybe we can hangout sometime.â€

Then she said: â€œIâ€™m sorry but I have a boyfriend.â€

Story of my life.",182
Hey girl are you a pill? Cause you fixed my ED,180
"Her/ I have a boyfriend!!! *2 answers * Really? How long have you had that problem for? 
Orâ€¦.
Well if he ever forgets how lucky he is, give me a call, Iâ€™ll remind you.",180
I'm thinking about getting a pet frog. I could feed it all the butterflies you're giving me.,180
Are you a terrorist? Cauz I want to fuck you like the US Army fucked Bin Laden,174
Do you know the melting point of a human heart? Don't know about others. But for me it's your smile ;),173
Thank god im not diabetic cause you are just sweet,166
"if i had a star for every time you brightened my day, i'd have a galaxy in my hand ",162
Hey I lost my virginity Can I have yours,162
"Hey girl, are you a lantern? Because you make my day that much brighter, and I want to be close to you at night.",157
"Hey girl, would you like to be the details? Because Iâ€™m the devil ;)",153
"Hey girl, are you an ice cream cone? Cuz I wanna be licking you and feeling you drip on my fingers this summer",146
"I was going through my To-Do List for the day and apparently, you're the first thing on the list.",144
Hey girl are you my bathroom floor? Cause i want to break my pelvis hitting you.,143
"Excuse me, I donâ€™t mean to intrude, but you owe me a drink (pause), because when I saw you, I dropped mine. ",138
Are you suicide? Because I think about you everyday!,137
"Hey girl, youre ugly af... April fools",136
Girl are you a cigarette? Because you're smoking hot and I wanna put your butt in my mouth.,134
Are you a computer engineer? Cause you turn my floppy disc into a hard drive,133
"Hey girl, do you have black eyes? Yes : No wonder I got lost so deep in them this easily

No : Still I wonder how I got lost so deep in them this easily",133
Was your ex an organ donor? Its good u left him Coz you cant be with a guy who canâ€™t even give you his heart,130
Out of all these beautiful curves.. Your smile is my favourite,130
I am not a robot. But you still CAPTCHA me with your beauty.,129
"Hi, I just wanted to thank you for the gift. (pause)

 Iâ€™ve been wearing this smile ever since you gave it to me.",126
Do you like to Draw? Because I put the D in Raw. Lol,126
"Hey girl, are u taken? I donâ€™t know who u are. I donâ€™t know what u want. What I do have are a very particular set of skills. If u arenâ€™t interested, thatâ€™ll be the end of it. I will not look for u, I will not pursue u. But if u want to go out on a date, I will look for u, I will find u and I will kiss u.",125
Hey girl are you trash? Cuz I wanna take you out,124
Are you a lollipop Because your sweet and tasty,123
I would never play hide and seek with you because someone like you is impossible to find. ,120
"Is your name ""Gillette""? Because you're the best a man can get...",120
Are you a dam cause I'd love to open your flood gates ,120
I can't taste my lips Could you do it for me?,119
How do i approach the girl next door who's constantly staring (kinda throwing signs) since a week? ,118
"Hey girl, are you a walnut? Because I wanna split it you in half",117
You make me want to believe in god. Because I thought Iâ€™d never find someone so perfect.,115
Do you live on a chicken farm? Because you know how to raise a cock.,114
"Are you sugar that's been processed past a granulated texture, but not to the point of confectionary consistency? Because you are super fine.",114
What's the difference between you and an Oreo? Nothing. I want to lick the filling from both.,113
"I wish you were my bedâ€¦ So I can get in you every night, mess you up, then do you again in the morning. ;)",111
[to use with a girl with curves] â€œcall me Mike Tyson from an alternate universe where heâ€™s the lead singer of disturbedâ€ Cuz Iâ€™m down with the thickness,109
"Baby my job is to damp oscillations, but with you... I just want to raise the frequency and amplitude",109
I havenâ€™t been able to fall asleep lately I have been too busy falling for you.,108
"Iâ€™m sad, I went to go grab a snack from the fridge And you werenâ€™t there",106
Did you sit on the F5 key? Cause your ass is refreshing,104
Is there a cemetery in your panties? Because that's where I want to bury my children.,103
Roses are red the sky is blue the fbi wants to steal my penis can I hide it inside of you ,101
I wanna check if you snore or not ,101
"Roses are red, Violets are twisted, Bend over love, you're about to get fisted... ",101
"Hey girl, are you my shirt? Cus you're tight, but I can still fit in you",100
"No pen, No paper And yet you still draw my attention.",100
Are you a beaver? Cuz dam,100
"You got more body then an English final ğŸ˜®â€ğŸ’¨ She responded â€œLmaoğŸ˜‚ that was smooth ğŸ˜Œ thank youâ˜ºï¸ I appreciate itâ€ 

1/1 100% success rate

than*",98
are you a brick layer Because I'd love to build up a life together with you,95
"If I kissed you in the rain, you would be twice as wet.",95
"Hey girl, let me get in those pants. I shit mine. ",93
I usually go for 8â€™s but guess Iâ€™ll settle for a 10,92
"Roses are red, i know youâ€™re eleven Just get in the van and iâ€™ll take you to heaven",91
"Girl, are you a broken record player Because I have you stuck in my head",89
Hey !! do u know it will be a disgrace to call you moon! Because even moon has flaws in it.,88
Itâ€™s great that youâ€™re good with kids.. Because I plan on leaving mine all over your face tonight,88
Iâ€™m not into watching sunsets but Iâ€™d love to see you go down.,87
"Thereâ€™s hexagon, octagon But when I look at you itâ€™s myheartagon",86
Are you the floor? Cuz I could stare at you all day,85
You have 206 bones in your body. Can I help make it 207? ,84
I am an astronaut .. .. and my next mission is to explore Uranus,84
"Hey, are you a side quest because I wanna do you for the experience",83
"do you like mythical creatures? cause i'm like a centaur

mostly man but horse where it counts ;)",83
"Roses are red, Violets are blue, I've got 10 fingers. Tonight I'll give you two. ",82
"Hey girl, can I read your body language in braille? ^-^",82
Hey girl are you my life Cause I think I might end up fucking you,82
"Damn girl, you have more curves than a race track. ",81
"Do you like stars? (Yes) good, I know a hotel with 5 if you wanna come with me",81
Did I take a loan from you? Cuz my interest for you is rising,80
"Weâ€™re not socks, but I think weâ€™d make a great pair. ",79
"When God created you, He was showing off.",79
is your middle name Aphrodite Because from where I'm standing all I see is the goddess of beauty,78
"You remind me of Build-A-Bear You're soft looking and cute, but I still have to stuff you before we can cuddle.",78
"Girl, youâ€™re not a snack, youâ€™re a whole damn buffet But Iâ€™m afraid my eyes are bigger than my dick",78
"Hey, are you the sun? Cause you light up my world ",77
Are u a Pokemon? cuz i choose u.,77
"Do you have a name, or can I just call you â€˜mine?â€™ ",75
Tired of being an adult? Be my Baby then.,74
"Hey girl, are you onion router cuz i wanna hop on your nodes",74
You can call me chessboard Cause I love to see my queen on top of me.,73
"Hey are we playing hide and seek? Because a girl like you is hard to find

(I saw this pick up line elsewhere but I just had to post it)",73
"You remind me peanut butter, because you are smooth, creamy anddd easy to spread... ;) ",70
"Hey, are you a miner? Because i dig you",70
"hey girl, are you from Budapest? Because I'm Hungary for that pussy",70
Did you sit down in sugar? Cause you gotta sweet ass,69
Girl are your pronouns her/she? Cuz you're lookin' like a snack,68
"Hey Girl, can I have a picture of yours So that I can let Santa know what exactly I want for christmas",68
Hey girl whatâ€™s the difference between you and a school? I only need consent to shoot kids in one of yâ€™all,67
"hey girl, do you like mcdonalds? because you can swallow my kids meal ;) ",67
I think I left a blowjob at your place! Can I come by and get it?,67
are you October 10th? cause you're a 10/10 ,67
I wanna be your derevative... Cause I wanna lie tangent to your curves ğŸ‘‰ğŸ‘ˆ,67
Hey girl are you Chris rock? Cause I wanna smack the shit out of you.,66
"Girl, I might be a necrophiliac Because youâ€™re drop DEAD gorgeous",65
Do you have 11 protons? Because you are sodyam fine.,64
Are you Russian? Because you're invading my heart ,64
Damn Iâ€™m gonna have to file a complaint to Spotify Cuz they didnâ€™t have you listed as the hottest single out,63
"Girl, do you know what Youtube says when you speak? \[MUSIC\]",63
"Do you know where I can find the manager, 'Cause I'll be Karen for you.",63
Are you good at math? Cus I wanna add to your body count. Subtract your clothes. Multiply your DNA. And divide your legs. ,63
damn girl is you a .5mm tip pen? cuz you are FINE,62
Hey girl can i invade your peace and Putin my rocket in you,62
"Hey girl, are you a cigarette? Because youâ€™re smoking hot and I wanna put your butt in my mouth.",62
did a entity relevate the thermostat in a vertically buoyant manner? because you have a temperature exceeding 302 kelvins,62
I guess your parents are bakers because they made you such a cutie pie! ,61
"Girl, are you a Nickelodeon tv show? Because I think you're All That.",61
I have only one thing common with Eminem. I ain't never seen an ass like that either,61
"Hey, do you like clothing sales? Because clothes are 100% off at my place thru the end of the month",59
"Hey girl, are you Vladimir Putin Cause Iâ€™d do anything to see you go down",59
Do you work for a sugar factory? Because you are so sweet,58
Youâ€™re so sweet. That youâ€™ll satisfy my sweet toothğŸ¤© ,57
Hey girl are you the death star? Because I wanna shoot my photon torpedo into your thermal exhaust port,57
"You know what's the melting point of human heart? Not sure about others but for me it's ""your smile"".",56
Girl are you â€œAmong Usâ€? Because Iâ€™m ready to play with you for a month then forget about you.,56
"Girl, I got 3 pencils... and you is sharper than all of em.",55
"Hey dude, are you a hacker? Because I want you to do finger magic and say ""I'm in""",55
"When i kissed my girlfriend of two years for the first time She was dancing with me in a bar, showing me all these funny dance moves. After a while she got exhausted and said Â«Â i dont have any moves leftÂ Â». I looked into her eye and saidâ€¦


â€¦.I got one left",55
"I heard you were looking for a stud. I got the STD, now all I need is U.",54
Are you a speed bump? Because I like to go nice and slow when Iâ€™m on top of you,54
What's the difference between you and a pair of glasses? A pair of glasses sit higher up on my face.,53
"If you were a car game... Hey girl...
If you were a car game
You would be ""Asphat""",53
Hey girl are you a washing machine? Cause I'm just stuck inside you,52
"I know someone who likes you. If I wasnâ€™t so shy, Iâ€™d tell you who ",52
Well now I know why the sky was so grey todayâ€¦ You took all the blue for your eyes,52
May I please borrow a kiss? I promise Iâ€™ll give it back.,52
is your name Earl gray Cause you look like a hot tea,52
Are you hiring? Seems like you have some openings that need filling,51
"You: Knock knock âœŠ Them: Whoâ€™s there 
You: Wenware
Them: Wenware who?
You: tonight, my place, me and you",51
Call me Vladimir because I'm gonna be Putin this dicktator all in Urkcranium,51
"Damn, I didn't know you were my dick Cos you hella thicc.",51
If I was blind would you let me read you nipples like Braille? ,50
Are you Ukraine? Because I wanna Putin my troop into you ,50
Are you mixed?? Cause you look half fine and half mine. ,50
Iâ€™m jealous of your heartâ€¦.. because itâ€™s inside you and Iâ€™m not ,50
"For a moment I thought I had died and gone to heaven. Now I see that I am very much alive, and heaven has been brought to me. ",49
You must be exhausted. Cause you have been running around in my mind all day long .,49
"Sorry I didn't get you any chocolates for Valentine's Day... but if you want something sweet, I'm right here!",49
Youâ€™r so hot that when you eat bread You shit a toast,49
"Roses are red Spread your leg
And let me in",49
"You must be Adventure Baeâ€¦ â€¦because Iâ€™m the PAWG Patrol, and it looks like your ass is about to be in trouble",48
You know what you and planet earth Earth have in common? Youâ€™re both getting hotter each year. ,48
"Roses are red, zombies are green Itâ€™s not a horror movie, but Iâ€™ll make you scream",48
"Do you want to build a snowman?  It might be hard since youâ€™ll probably melt his heart, too.",48
Are u a PlayStation? Cuz u make me wanna stay up all night until my fingers hurt ğŸ˜­ğŸ˜­,47
Are you WiFi? Cuz I wanna turn you ON all the time.,47
Are you Will Smith? Because you hit different ğŸ¥µ,47
"Ukw? I can watch a movie made entirely of your cute pics, maybe 50+ hours long, in one sitting without getting bored. ",47
"Girl are you a black hole? Because you're infinitely hot, and I can't resist your pull.",46
Are you a keyboard? Because youâ€™re just my type ,46
This may sound cheesy But you look grate today!,46
The only thing your eyes havenâ€™t told me is your name. ,46
Do you have pyromania? Cause you're too hot for me to handle,46
"On our first date what arenâ€™t we splitting? The bill, fries, your legs?",45
You're so beautiful... You made me forget my pickup line.,44
"Iâ€™m not photographer, but I can definitely picture us together. ",44
"Hey girl, your beauty is like an asymptote It has no limits.",44
Whatâ€™s the difference between you and my sunglasses? My sunglasses sit a little higher on my face.,44
"Hey girl are you? A marble floor?
Cause I am slipping and falling for you

A Road?
Cause you flat as fuck, yet jammed with people

A Bus?
Cause I am pretty sure, your're filled with middle aged men inside you

Petrol?
Cause if the middle easterns see you, they gonna dig deep

A Pavement?
Cause hundreds sleep on you everynight

A bridge?
The bridge between my single life and engaged life 

A door?
The doorway to my Hevean",44
Itâ€™s my birthday todayâ€¦ So how about you act like my cake so I can eat you out in my birthday suit?,43
Hey since itâ€™s Easter would you let my sperm go for an egg hunt? ,42
"My dick was deflated, can you blow it up again? ",42
Ever been to outer space? Because you are about to get that assdestroid.,42
"I heard youâ€™re good in algebra, can you replace my X without asking Y ",42
Are you a roller coaster? Cause I wanna ride you ,42
did it hurt when you fell from heaven? because your face is pretty fucked up,41
"roses are red violets are blue WITH  ur consent and permission, let me violate u",41
You have really nice arms but they look really empty without me in them Or another version : You have really nice arm but they seem pretty empty without me in them,41
Damn girl are you from Mississippi? Cuz you're the only miss who's piss i sippie,41
You must be my constant. Because your derivative is 0 which exactly is the number of days I can go without seeing you :) ,40
Do you believe in love at first sightâ€”or should I walk by again? ,40
"Hey Girl Are You A KitKat because you are made of Sugar, Milk Solids, Wheat Flour, Cocoa Butter, Vegetable Fat [Emulsifier ( Soy Lecithin)], Cocoa Mass, Choc Paste ( Milk, Wheat, Soy ), Cocoa, Emulsifiers ( Soy Lecithin, 476), Yeast, Raising Agent (Sodium Bicarbonate), Salt, Flavour.Â 
Â Contains Milk, Soy and Wheat.Â 
Â May Contain Tree Nuts.Â 
Â Product Contains 70% Milk Chocolate and 30% Wafer Fingers.Â 
Â Milk Chocolate Contains Minimum 22% Cocoa Solids, 25% Milk Solids.",40
I don't fall for April Fools lies I've fallen for those big brown eyes of yours already,40
"Letâ€™s play a game of Jenga, So I can show you how good my pull out game is",40
Hey would you let me treat you to dinner? My mom told me to invest in my future.,39
Hey are you a razor blade? Because I want you to touch my upper thigh ,39
"Wanna play a game, itâ€™s called titanicâ€¦ Iâ€™ll be the ocean and you can go down on me ",39
"If youâ€™re feeling down, I can feel you up. ",39
"Girl, youâ€™re like fast food, cause I wanna take you out. â€¦. and eat you in my car.",38
Hey baby you got insurance? Because youre about to get rear ended,38
"Hey baby are you a raccoon? Because I'm trash, but I still think you'll dig me. ",38
"Hey Girl, are you an Oreo? Cause I wanna split your legs apart and eat all the good stuff in between",38
my doctor says i'm lacking vitamin u ,37
"Roses are red Quick there's no-one around  
Get in my bed   
And we can both get real loud",37
Hey girl are you free tonight? Cause I got no money,37
Are u a window Because I want to smash u,36
There must be something wrong with my eyes. I canâ€™t take them off you.,36
Putin said he invaded Ukraine because of the war in Donbass You already know he gonna get mad when I fuck Urass,36
Hey youâ€™re made fine How about we change the f to an m so youâ€™re made mine?,36
"Roses are red Roses are red
This poem is shitty
But forgive all that
I still eat that kitty",35
"You must be a high test score, because I want to take you home and show you to my mother. ",35
girl I like I'm gonna talk to a girl I like tmr and I would like to know a good pickup line,35
I don't make my woman cum Because bitches come and go!,35
Damn are you Ford? Cause I think we Mustang laterğŸ,35
My internet is 4G But my heart is 4U,35
"Hey girl, are you a noose? Because you're breathtaking ğŸ˜¨",35
Are you https? Cause without you I'm just ://,35
I bet you dinner that youâ€™re going to turn me down when I ask you out. ,34
Is your ass heaven? Because I wanna send all my babies there,34
"Hey r u a book written in braille? Coz im tryna take u home, open u up n and rub my fingers all thru u",34
I can be Will Smith if that ass can be Chris Rock. ,34
"Are you a magician? Because every time I look at you, everyone else disappears. ",34
I heard you were looking for a stud I got the STD and all i need is U,34
"Hey, are you the rain? Cause you make me soaking wet.",34
"â€œi think we have great chemistry.. wanna add some romance?â€ â€œare you a skater boy? cause i wanna see ya later, boyâ€

â€œiâ€™m in the business of misery. wanna join?â€

â€œi heard you like blink-182. wanna make first date a reality?â€

â€œhave you heard the news that youâ€™re dead? cause only angels look this beautiful.â€

â€œif i bring you my bullets, will you give me your love?â€

â€œif you take me home, iâ€™d be your king for a day.â€

â€œi wanna be your black veil bride.â€

â€œdo you have a girlfriend? if so, i think you need a new one.â€

â€œyou wanna join the black parade with me?â€

â€œyou look like the kind of person iâ€™d write a song about.â€

â€œthis place is boring. wanna be my escape?â€

â€œdonâ€™t mean to change the topic, but i think youâ€™re kind of hot.â€

â€œi heard good girls like bad guys. wanna test that theory out?â€",34
"I like my women how I like advent calendars Against the wall, flaps open and ready to be eaten",34
i may be serving my country but youâ€™re what iâ€™m willing to die for,34
Are you familiar with Google Drive? Because I wanna get you in my Sheets.,33
Are you a bowling ball? because i want to penetrate you in your three holes,33
Do you know whatâ€™s on the menu? Me-n-u.,33
bit of a weird one. Are you an onion? Because everyone around you cries for more.,33
"Hi ____, is this still available? Works everytime.

This is pickup lines for Facebook marketplace right?",33
are you a keyboard? because youâ€™re my type,33
Girl are you a tesla? Because you need a battery charge (A criminal offense involving unwanted contact),33
Damn girl is a u a rotisserie chicken? Cause I wanna tie you up and eat you,32
"*Brings them water* ""I don't know why I brought you water, because there are other ways I can get your insides wet. ",32
Do you like dieting? Because I think you're the keto my heart :),32
Did you swallow magnets? Cause youâ€™re attractive.,32
Are you chapstick? Because I want you against my lips 24/7,32
I put the S.T.D. in STUD All I need is U,32
Did it hurt when you fell from heaven? Because it looks like you smashed your face on the concrete <3 ,32
Are you a carbon sample? Because I want to date you. ,31
"Are you a charm Because I think you could be my lucky one


Sorry I'm new to this but any advice would help",31
Are you a baker? Because I knead you.,31
"Baby, if you were words on a page, youâ€™d be fine print. ",31
"Girl, are you an Arri 650? Because I want to mount you on my light stand and plug you with my cord. 

Open up those barn doors for me and let me see your beautiful hot bulbs. 

Now donâ€™t get too hot, I have a couple scrims Iâ€™m planning on slipping into you. Hang on, let me whip them out of my scrim bag.",31
Are you Ukraine because I want to invade you from behind ,31
Whatâ€™s the difference between you and a pair of glasses? A pair of glasses sit higher up my face,31
Wanna come back to my place and play orphanage? You be the building and I'll put a bunch of unwanted kids inside you,31
"You belong in the trash You belong in the trash

AKA me!",31
Hey girl you better know CPR Cause you just took my breath away,30
Do you have an inhaler? Because you take my breath away,30
"No wonder the night seems so dim, all the light in the world is in your eyes. ",30
"I want gold, but A is silent ",30
"Hey Girl, Nice Legs When do they open?",30
Did your license get suspended for driving all these guys crazy? ,30
"did you order a package Because I've got a large one here that's got your name on it

Because I've got a large one here that requires your hands

Because I hear you could use some help unwrapping it

Because it wants  to cum inside your box ğŸ˜œ",30
"Of all the beautiful curves on your body, your smile is my favorite. ",30
Your smile should be illegal Because It's a kind of drug,29
Damn girl are you a fire alarm cause you are really loud and annoying. ,29
Do you like mexican food? Coz you taco-ed my heart.,29
"I donâ€™t know which is prettier todayâ€”the weather, or your eyes. ",28
Hey girl are you a Toyota Cause you are looking Supra fine today,28
Do we have classes together? Cause I could have sworn we have chemistry.,28
Hey girl are you a toaster? Cause I wanna have a bath with you,28
Hey girl. Are you a plugged in toaster? cause I wanna take a bath with you,28
How did I get so lucky to meet with a dime like you in the middle of a national coin shortage ,28
"Girl, i heard you 70% water, and im thirst thirsty*",28
"Roses are red violets are blue, how bout a coffee date, with just me and you? ",28
You sweep me off my feet like mass starvation swept through Soviet Russia â¤ï¸ ,28
"Roses are red Cars go vroom  
It wont be long  
Until I become your groom",28
Are you an embryotic stem cell? Cuz I wanna make you my baby,28
"Roses are red Oh look a chicken  
There is no chick  
That I'd rather stick my dick in",28
Thatâ€™s a cute phone Whatâ€™s the number to it?,28
Do you like raisins? How do you feel about a date? ,28
Are you Ethiopia? 'Cause you got a nice djibouti,28
"hey girl, I'm trash wanna take me out?",28
They say always keep your head up Well you're certainly helping ;),28
Iâ€™m a pirate on a treasure huntâ€¦ And it seems I just came across some real fine booty,27
"Hey, are you a violin? Because you look like you need to rest on my shoulder.",27
I'm jealous of your heart Because it's over there just pounding away inside you and I'm not,27
"Einstein once said ""nothing is faster than light"" well he obviously didn't saw how fast I've fallen for you <3 ",27
Iâ€™ve been told I look like your future husband but I canâ€™t confirm this is true. ,27
How do you like your eggs scrambled or fertilized ,26
"Damn girl, do you work for a construction company? Cuz you drive one helluva dump truck.",26
Hey girl my name is Colgate because 9/10 dentists recommend putting me in your mouth ,26
Are you a time traveler? Because I absolutely see you in my future. ,26
Lets rearrange the letters/alphabets And put U and I together ,26
Is that a mirror in your pocket Because I can see myself in your pants,26
If being beautiful was a crime You would be on death row,26
I am only interested in one part of Ukraine And That part is U,25
"Would this work Should I try this pickup line on my college campus:

â€œIf beauty was a grain of sand, you would be a thousand beachesâ€",25
Hey girl are you tired? Cause you've been running through my mind all day.,25
"for the nerds i didnâ€™t know you were Al and i was Brâ‚‚, because i think you and i together have a real spark and some strong chemistry",25
"I'm no doctor, but you look like you could use some Vitamin Me. ",25
"Roses are red I will offer you some bread

Later we share a bed",25
"They call me ""Goldfish"" because I'm the snack that smiles back. ",25
Did it hurt when you fell from heaven? Because you definitely fell flat on your face.,25
Are you the devil? Cause you're hot as hell and your body is made to sin,25
"let's play titanic When i say ""iceberg"", you're going down ;)",25
"Iâ€™m a shower, if you turn me onâ€¦ Iâ€™ll get you wet. ",25
Are you a shower? Cause I wanna go into you and cry for 40 minutes straight,25
Can you be my Ukraine? I'd be your Zelensky to love & protect you at all costs and I'd never give up on you.,25
"Do you like sleeping? Yeah? Great me too, we should do it together sometime! ",24
Hey i think you dropped something my standards nice to meet you,24
â€œDo you like raisins? How do you feel about a date?â€ ,24
F*ck Romeo and Juliet. I want what your parents had you,24
Youâ€™re beautiful like a flower And you sure attract the butterflies,24
"Whatâ€™s the difference between us, Russia and Ukraine? Russia already came inside Ukraine",24
Are you a chapstick? Coz you make my lips go Mhmm Mhmm a Mhm Mhm,24
Are you a firefighter? Because you could slide down my pole.,24
Call me Skinny Jeans because I want that tight grip around your thighs,24
"Damn girl, are you water? Because I would actually die if I couldn't have you",24
"Hey girl, are you an ukrainian president? Because I want you to stand by my side when things get really bad",23
You know i heard they aren't allowing angels to enter heaven anymore so you can stay in my heart instead,23
Do you smoke pot? Because weed be cute together. ,23
"Collab with r/dadjokes Her:Where do you work?
Me:I work at the bakery
Her: why?
Me: because itâ€™s a piece of cake
Her: *Laughs* (Hopefully)
Me: No but seriously, I would never work at a bakery
Her: But why not?
Me: Because you got all the cake I need",23
Hey itâ€™s not my birthdayâ€¦ Whyâ€™d you bring me so much cake?,23
Are you a microwave because Iâ€™m going to put a baby in you ,23
If I had 2 wishes. It'd be to spend my life with you and to see you smile each and everyday. ,23
I was looking on Yelp the other day And youâ€™re the best place to eat out,23
(Pointing at your own hand) Can you hold this for me while we walk? ,23
Are you a parking ticket? Cos I found you on the street and I can't afford to pay you.,23
"Can I call you Nobody from now on? Because, Nobody is perfect. ",23
Girl you're like sodium... So dayum fine.,23
I like that you do you But I'd love if you do me.,23
Know what's on the menu? me-n-u,22
"Don't ask me what my favorite food is Because I haven't tasted you, yet.",22
Are you a crayon? Cause Iâ€™m a toddler and Iâ€™m tryna shove you up my asshole ,22
wish i was cross eyed so i could look at you twice ,22
Hey are you a mitochondria Because god damn do you empower me,22
What is a nice person like you doing in a dirty mind like mine? ,22
"Are you Danish? Cause damn, I'm gonna make you surrender real fast tonight!",22
Tell me how you feel about the Phrase â€œI will NEVER leave youâ€ Iâ€™ve thought about this more and maybe it would be better saying how comfortable are you saying I will never leave you,22
Hey girl are you a pizza dough? Cuz I wanna slam you on the table and stretch you out.,22
Hey are you my intellisense ? Coz you auto- complete me <3,22
My pronouns are usually he/him but for you they can be the/one ğŸ˜‰,21
"Hey girl, Are you mirror? Cuz I can't see myself without you",21
Are you my homework? Cause I'm not doing you but I definitely should be. ,21
"Wow your so pretty I think I should get you some flowers, do tulips sound good? Well how about you put your two lips on mine",21
"â€œAre you a paper?â€ Girl: â€œno???â€
â€œOh great because Iâ€™m a rock",21
Girl I'm learning how to draw Will you send me your nudes so i can draw clothes on them?,21
You can call me a man Cause I am 2 and a half...ifykwim,21
"""Hey girl, are you a blender?"" ""Because I want to put a baby in you.""

(One of the boys hitting on a girl in front of all of us)",21
i was going through my amazon wishlist and thought if i could add you to it?,21
"Hey, Letâ€™s Fuck. ",21
are you a guitar cause I wanna hold your neck and play with your body ,21
"Hey girl are you the Russia government in 1917? 
Cause I wanna seize your means of reproduction.",21
"There is no point in going that way I heard heavens gates are closed for this weekend. 
(And then ask her for a date)",21
